"","ID","Age","BusinessTravel","DailyRate","Department","DistanceFromHome","Education","EducationField","EnvironmentSatisfaction","Gender","HourlyRate","JobInvolvement","JobLevel","JobRole","JobSatisfaction","MaritalStatus","MonthlyIncome","MonthlyRate","NumCompaniesWorked","OverTime","PercentSalaryHike","PerformanceRating","RelationshipSatisfaction","TotalWorkingYears","TrainingTimesLastYear","WorkLifeBalance","YearsAtCompany","YearsInCurrentRole","YearsSinceLastPromotion","YearsWithCurrManager","MonthlyIncomeFact","pred_Attrition"
"1",1171,35,"Travel_Rarely",750,"Research & Development",28,"Bachelor","Life Sciences","Medium","Male",46,"Very High","2","Laboratory Technician","High","Married",3407,25348,1,"No",17,"Excellent","Very High",10,3,"Good",10,9,6,8,"Average","No"
"2",1172,33,"Travel_Rarely",147,"Human Resources",2,"Bachelor","Human Resources","Medium","Male",99,"High","1","Human Resources","High","Married",3600,8429,1,"No",13,"Excellent","Very High",5,2,"Better",5,4,1,4,"Average","No"
"3",1173,26,"Travel_Rarely",1330,"Research & Development",21,"Bachelor","Medical","Low","Male",37,"High","1","Laboratory Technician","High","Divorced",2377,19373,1,"No",20,"Outstanding","High",1,0,"Good",1,1,0,0,"Low","Yes"
"4",1174,55,"Travel_Rarely",1311,"Research & Development",2,"Bachelor","Life Sciences","High","Female",97,"High","4","Manager","Very High","Single",16659,23258,2,"Yes",13,"Excellent","High",30,2,"Better",5,4,1,2,"Very High","No"
"5",1175,29,"Travel_Rarely",1246,"Sales",19,"Bachelor","Life Sciences","High","Male",77,"Medium","2","Sales Executive","High","Divorced",8620,23757,1,"No",14,"Excellent","High",10,3,"Better",10,7,0,4,"High","No"
"6",1176,51,"Travel_Frequently",1456,"Research & Development",1,"Master","Medical","Low","Female",30,"Medium","3","Healthcare Representative","Low","Single",7484,25796,3,"No",20,"Outstanding","High",23,1,"Good",13,12,12,8,"High","No"
"7",1177,52,"Non-Travel",585,"Sales",29,"Master","Life Sciences","Low","Male",40,"High","1","Sales Representative","Very High","Divorced",3482,19788,2,"No",15,"Excellent","Medium",16,3,"Good",9,8,0,0,"Average","No"
"8",1178,39,"Travel_Rarely",1387,"Research & Development",10,"Doctor","Medical","Medium","Male",76,"High","2","Manufacturing Director","Low","Married",5377,3835,2,"No",13,"Excellent","Very High",10,3,"Better",7,7,7,7,"Average","No"
"9",1179,31,"Travel_Rarely",1062,"Research & Development",24,"Bachelor","Medical","High","Female",96,"Medium","2","Healthcare Representative","Low","Single",6812,17198,1,"No",19,"Excellent","Medium",10,2,"Better",10,9,1,8,"High","No"
"10",1180,31,"Travel_Frequently",534,"Research & Development",20,"Bachelor","Life Sciences","Low","Male",66,"High","3","Healthcare Representative","High","Married",9824,22908,3,"No",12,"Excellent","Low",12,2,"Better",1,0,0,0,"High","No"
"11",1181,40,"Travel_Frequently",1469,"Research & Development",9,"Master","Medical","Very High","Male",35,"High","1","Research Scientist","Medium","Divorced",3617,25063,8,"Yes",14,"Excellent","Very High",3,2,"Better",1,1,0,0,"Average","No"
"12",1182,31,"Travel_Rarely",1082,"Research & Development",1,"Master","Medical","High","Male",87,"High","1","Research Scientist","Medium","Single",2501,18775,1,"No",17,"Excellent","Medium",1,4,"Better",1,1,1,0,"Low","No"
"13",1183,33,"Non-Travel",775,"Research & Development",4,"Bachelor","Technical Degree","Very High","Male",90,"High","2","Research Scientist","Medium","Divorced",3055,6194,5,"No",15,"Excellent","Very High",11,2,"Good",9,8,1,7,"Average","No"
"14",1184,50,"Travel_Rarely",691,"Research & Development",2,"Bachelor","Medical","High","Male",64,"High","4","Research Director","High","Married",17639,6881,5,"No",16,"Excellent","Very High",30,3,"Better",4,3,0,3,"Very High","No"
"15",1185,33,"Travel_Rarely",516,"Research & Development",8,"Doctor","Life Sciences","Very High","Male",69,"High","2","Healthcare Representative","High","Single",6388,22049,2,"Yes",17,"Excellent","Low",14,6,"Better",0,0,0,0,"High","No"
"16",1186,42,"Non-Travel",335,"Research & Development",23,"College","Life Sciences","Very High","Male",37,"Medium","2","Research Scientist","High","Single",4332,14811,1,"No",12,"Excellent","Very High",20,2,"Better",20,9,3,7,"Average","No"
"17",1187,33,"Travel_Rarely",575,"Research & Development",25,"Bachelor","Life Sciences","Very High","Male",44,"Medium","2","Manufacturing Director","Medium","Single",4320,24152,1,"No",13,"Excellent","Very High",5,2,"Better",5,3,0,2,"Average","No"
"18",1188,29,"Travel_Rarely",694,"Research & Development",1,"Bachelor","Life Sciences","Very High","Female",87,"Medium","4","Research Director","Very High","Divorced",16124,3423,3,"No",14,"Excellent","Medium",9,2,"Good",7,7,1,7,"Very High","No"
"19",1189,55,"Travel_Rarely",436,"Sales",2,"Below College","Medical","High","Male",37,"High","2","Sales Executive","Very High","Single",5160,21519,4,"No",16,"Excellent","High",12,3,"Good",9,7,7,3,"Average","No"
"20",1190,49,"Travel_Rarely",1184,"Sales",11,"Bachelor","Marketing","High","Female",43,"High","3","Sales Executive","Very High","Married",7654,5860,1,"No",18,"Excellent","Low",9,3,"Best",9,8,7,7,"High","No"
"21",1191,32,"Travel_Rarely",267,"Research & Development",29,"Master","Life Sciences","High","Female",49,"Medium","1","Laboratory Technician","Medium","Single",2837,15919,1,"No",13,"Excellent","High",6,3,"Better",6,2,4,1,"Low","Yes"
"22",1192,50,"Travel_Rarely",1126,"Research & Development",1,"College","Medical","Very High","Male",66,"High","4","Research Director","Very High","Divorced",17399,6615,9,"No",22,"Outstanding","High",32,1,"Good",5,4,1,3,"Very High","No"
"23",1193,54,"Travel_Rarely",157,"Research & Development",10,"Bachelor","Medical","High","Female",77,"High","2","Manufacturing Director","Low","Single",4440,25198,6,"Yes",19,"Excellent","Very High",9,3,"Better",5,2,1,4,"Average","No"
"24",1194,24,"Travel_Frequently",897,"Human Resources",10,"Bachelor","Medical","Low","Male",59,"High","1","Human Resources","Very High","Married",2145,2097,0,"No",14,"Excellent","Very High",3,2,"Better",2,2,2,1,"Low","No"
"25",1195,45,"Travel_Rarely",1038,"Research & Development",20,"Bachelor","Medical","Medium","Male",95,"Low","3","Healthcare Representative","Low","Divorced",10851,19863,2,"Yes",18,"Excellent","Medium",24,2,"Better",7,7,0,7,"Very High","No"
"26",1196,36,"Non-Travel",635,"Sales",10,"Master","Medical","Medium","Male",32,"High","3","Sales Executive","Very High","Single",9980,15318,1,"No",14,"Excellent","Very High",10,3,"Good",10,3,9,7,"High","No"
"27",1197,41,"Non-Travel",552,"Human Resources",4,"Bachelor","Human Resources","High","Male",60,"Low","2","Human Resources","Medium","Married",6430,20794,6,"No",19,"Excellent","Medium",10,4,"Better",3,2,1,2,"High","No"
"28",1198,21,"Travel_Rarely",1343,"Sales",22,"Below College","Technical Degree","High","Male",49,"High","1","Sales Representative","High","Single",3447,24444,1,"No",11,"Excellent","High",3,2,"Better",3,2,1,2,"Average","No"
"29",1199,36,"Travel_Rarely",335,"Sales",17,"College","Marketing","High","Male",33,"Medium","2","Sales Executive","Medium","Married",5507,16822,2,"No",16,"Excellent","High",12,1,"Bad",4,2,1,3,"Average","No"
"30",1200,30,"Travel_Frequently",109,"Research & Development",5,"Bachelor","Medical","Medium","Female",60,"High","1","Laboratory Technician","Medium","Single",2422,25725,0,"No",17,"Excellent","Low",4,3,"Better",3,2,1,2,"Low","No"
"31",1201,35,"Travel_Frequently",146,"Research & Development",2,"Master","Medical","Low","Male",79,"Medium","1","Research Scientist","Very High","Single",4930,13970,0,"Yes",14,"Excellent","High",6,2,"Best",5,4,1,4,"Average","No"
"32",1202,46,"Travel_Rarely",717,"Research & Development",13,"Master","Life Sciences","High","Male",34,"High","2","Healthcare Representative","Medium","Single",5562,9697,6,"No",14,"Excellent","Very High",19,3,"Better",10,7,0,9,"Average","No"
"33",1203,39,"Travel_Rarely",903,"Sales",2,"Doctor","Life Sciences","Low","Male",41,"Very High","3","Sales Executive","High","Single",7880,2560,0,"No",18,"Excellent","Very High",9,3,"Better",8,7,0,7,"High","No"
"34",1204,35,"Travel_Rarely",185,"Research & Development",23,"Master","Medical","Medium","Male",91,"Low","1","Laboratory Technician","High","Married",2705,9696,0,"No",16,"Excellent","Medium",6,2,"Best",5,4,0,3,"Low","No"
"35",1205,21,"Travel_Rarely",1334,"Research & Development",10,"Bachelor","Life Sciences","High","Female",36,"Medium","1","Laboratory Technician","Low","Single",1416,17258,1,"No",13,"Excellent","Low",1,6,"Good",1,0,1,0,"Low","Yes"
"36",1206,30,"Travel_Rarely",1358,"Sales",16,"Below College","Life Sciences","Very High","Male",96,"High","2","Sales Executive","High","Married",5301,2939,8,"No",15,"Excellent","High",4,2,"Good",2,1,2,2,"Average","No"
"37",1207,42,"Travel_Frequently",555,"Sales",26,"Bachelor","Marketing","High","Female",77,"High","4","Sales Executive","Medium","Married",13525,14864,5,"No",14,"Excellent","Very High",23,2,"Best",20,4,4,8,"Very High","No"
"38",1208,45,"Travel_Frequently",1297,"Research & Development",1,"Master","Medical","Medium","Male",44,"High","2","Healthcare Representative","High","Single",5399,14511,4,"No",12,"Excellent","High",12,3,"Better",4,2,0,3,"Average","No"
"39",1209,39,"Travel_Frequently",672,"Research & Development",7,"College","Medical","High","Male",54,"Medium","5","Manager","Very High","Married",19272,21141,1,"No",15,"Excellent","Low",21,2,"Better",21,9,13,3,"Very High","No"
"40",1210,48,"Travel_Rarely",715,"Research & Development",1,"Bachelor","Life Sciences","Very High","Male",76,"Medium","5","Research Director","Very High","Single",18265,8733,6,"No",12,"Excellent","High",25,3,"Best",1,0,0,0,"Very High","No"
"41",1211,38,"Travel_Rarely",364,"Research & Development",3,"Doctor","Technical Degree","Very High","Female",32,"High","2","Research Scientist","High","Single",4317,2302,3,"Yes",20,"Outstanding","Medium",19,2,"Better",3,2,2,2,"Average","No"
"42",1212,21,"Travel_Rarely",546,"Research & Development",5,"Below College","Medical","High","Male",97,"High","1","Research Scientist","Very High","Single",3117,26009,1,"No",18,"Excellent","High",3,2,"Better",2,2,2,2,"Average","No"
"43",1213,55,"Travel_Rarely",836,"Research & Development",8,"Bachelor","Medical","Very High","Female",33,"High","4","Manager","High","Divorced",14756,19730,2,"Yes",14,"Excellent","High",21,2,"Better",5,0,0,2,"Very High","Yes"
"44",1214,59,"Travel_Rarely",1429,"Research & Development",18,"Master","Medical","Very High","Male",67,"High","3","Manufacturing Director","Very High","Single",10512,20002,6,"No",12,"Excellent","Very High",25,6,"Good",9,7,5,4,"Very High","No"
"45",1215,58,"Travel_Rarely",1145,"Research & Development",9,"Bachelor","Medical","Medium","Female",75,"Medium","1","Research Scientist","Medium","Married",3346,11873,4,"Yes",20,"Outstanding","Medium",9,3,"Good",1,0,0,0,"Average","No"
"46",1216,49,"Travel_Frequently",1064,"Research & Development",2,"Below College","Life Sciences","Medium","Male",42,"High","5","Research Director","Very High","Married",19161,13738,3,"No",15,"Excellent","Very High",28,3,"Better",5,4,4,3,"Very High","No"
"47",1217,52,"Travel_Rarely",1490,"Research & Development",4,"College","Life Sciences","Very High","Female",30,"High","4","Manager","Very High","Married",16555,10310,2,"No",13,"Excellent","Very High",31,2,"Bad",5,2,1,4,"Very High","No"
"48",1218,37,"Travel_Rarely",589,"Sales",9,"College","Marketing","Medium","Male",46,"Medium","2","Sales Executive","Medium","Married",4189,8800,1,"No",14,"Excellent","Low",5,2,"Better",5,2,0,3,"Average","No"
"49",1219,37,"Non-Travel",1413,"Research & Development",5,"College","Technical Degree","High","Male",84,"Very High","1","Laboratory Technician","High","Single",3500,25470,0,"No",14,"Excellent","Low",7,2,"Bad",6,5,1,3,"Average","Yes"
"50",1220,26,"Travel_Frequently",921,"Research & Development",1,"Below College","Medical","Low","Female",66,"Medium","1","Research Scientist","High","Divorced",2007,25265,1,"No",13,"Excellent","High",5,5,"Better",5,3,1,3,"Low","No"
"51",1221,52,"Travel_Rarely",621,"Sales",3,"Master","Marketing","High","Male",31,"Medium","4","Manager","Low","Married",16856,10084,1,"No",11,"Excellent","Low",34,3,"Best",34,6,1,16,"Very High","No"
"52",1222,33,"Travel_Frequently",1392,"Research & Development",3,"Master","Life Sciences","Very High","Female",56,"High","1","Research Scientist","High","Married",2909,23159,1,"Yes",11,"Excellent","High",8,3,"Better",8,7,3,0,"Low","No"
"53",1223,32,"Non-Travel",300,"Research & Development",1,"Bachelor","Life Sciences","Very High","Male",61,"High","1","Laboratory Technician","Very High","Divorced",2314,9148,0,"No",12,"Excellent","Medium",4,2,"Better",3,0,0,2,"Low","No"
"54",1224,51,"Travel_Rarely",1178,"Sales",14,"College","Life Sciences","High","Female",87,"High","2","Sales Executive","Very High","Married",4936,14862,4,"No",11,"Excellent","High",18,2,"Good",7,7,0,7,"Average","No"
"55",1225,39,"Travel_Rarely",1329,"Sales",4,"Master","Life Sciences","Very High","Female",47,"Medium","2","Sales Executive","High","Married",5902,14590,4,"No",14,"Excellent","High",17,1,"Best",15,11,5,9,"Average","No"
"56",1226,39,"Travel_Frequently",1218,"Research & Development",1,"Below College","Life Sciences","Medium","Male",52,"High","5","Manager","High","Divorced",19197,8213,1,"Yes",14,"Excellent","High",21,3,"Better",21,8,1,6,"Very High","No"
"57",1227,33,"Travel_Rarely",527,"Research & Development",1,"Master","Other","Very High","Male",63,"High","1","Research Scientist","Very High","Single",2686,5207,1,"Yes",13,"Excellent","High",10,2,"Good",10,9,7,8,"Low","No"
"58",1228,30,"Non-Travel",1400,"Research & Development",3,"Bachelor","Life Sciences","High","Male",53,"High","1","Laboratory Technician","Very High","Married",2097,16734,4,"No",15,"Excellent","High",9,3,"Bad",5,3,1,4,"Low","No"
"59",1229,30,"Travel_Rarely",979,"Sales",15,"College","Marketing","High","Male",94,"Medium","3","Sales Executive","Low","Divorced",7140,3088,2,"No",11,"Excellent","Low",12,2,"Better",7,7,1,7,"High","No"
"60",1230,44,"Travel_Rarely",986,"Research & Development",8,"Master","Life Sciences","Low","Male",62,"Very High","1","Laboratory Technician","Very High","Married",2818,5044,2,"Yes",24,"Outstanding","High",10,2,"Good",3,2,0,2,"Low","No"
"61",1231,40,"Travel_Rarely",1398,"Sales",2,"Master","Life Sciences","High","Female",79,"High","5","Manager","High","Married",18041,13022,0,"No",14,"Excellent","Very High",21,2,"Better",20,15,1,12,"Very High","No"
"62",1232,31,"Travel_Rarely",741,"Research & Development",2,"Master","Life Sciences","Medium","Male",69,"High","1","Laboratory Technician","High","Married",3477,18103,1,"No",14,"Excellent","Very High",6,2,"Best",5,2,0,3,"Average","No"
"63",1233,20,"Travel_Rarely",1097,"Research & Development",11,"Bachelor","Medical","Very High","Female",98,"Medium","1","Research Scientist","Low","Single",2600,18275,1,"Yes",15,"Excellent","Low",1,2,"Better",1,0,0,0,"Low","No"
"64",1234,42,"Travel_Frequently",481,"Sales",12,"Bachelor","Life Sciences","High","Male",44,"High","4","Sales Executive","Low","Single",13758,2447,0,"Yes",12,"Excellent","Medium",22,2,"Good",21,9,13,14,"Very High","No"
"65",1235,32,"Travel_Rarely",495,"Research & Development",10,"Bachelor","Medical","High","Male",64,"High","3","Manager","Very High","Single",11244,21072,2,"No",25,"Outstanding","Medium",10,5,"Best",5,2,0,0,"Very High","No"
"66",1236,33,"Travel_Rarely",118,"Sales",16,"Bachelor","Marketing","Low","Female",69,"High","2","Sales Executive","Low","Single",5324,26507,5,"No",15,"Excellent","High",6,3,"Better",3,2,0,2,"Average","No"
"67",1237,53,"Travel_Rarely",102,"Research & Development",23,"Master","Life Sciences","Very High","Female",72,"High","4","Research Director","Very High","Single",14275,20206,6,"No",18,"Excellent","High",33,0,"Better",12,9,3,8,"Very High","No"
"68",1238,33,"Travel_Frequently",1111,"Sales",5,"Below College","Life Sciences","Medium","Male",61,"High","2","Sales Executive","Very High","Married",9998,19293,6,"No",13,"Excellent","Low",8,2,"Best",5,4,1,2,"High","No"
"69",1239,24,"Travel_Frequently",535,"Sales",24,"Bachelor","Medical","Very High","Male",38,"High","1","Sales Representative","Very High","Married",2400,5530,0,"No",13,"Excellent","High",3,3,"Better",2,2,2,1,"Low","Yes"
"70",1240,42,"Travel_Rarely",603,"Research & Development",7,"Master","Medical","Medium","Female",78,"Very High","2","Research Scientist","Medium","Married",2372,5628,6,"Yes",16,"Excellent","Very High",18,2,"Better",1,0,0,0,"Low","No"
"71",1241,35,"Travel_Rarely",755,"Research & Development",9,"Master","Life Sciences","High","Male",97,"Medium","2","Healthcare Representative","Medium","Single",6540,19394,9,"No",19,"Excellent","High",10,5,"Better",1,1,0,0,"High","No"
"72",1242,44,"Travel_Rarely",200,"Research & Development",29,"Master","Other","Very High","Male",32,"High","2","Research Scientist","Very High","Single",4541,7744,1,"No",25,"Outstanding","Medium",20,3,"Better",20,11,13,17,"Average","No"
"73",1243,54,"Travel_Rarely",376,"Research & Development",19,"Master","Medical","Very High","Female",95,"High","2","Manufacturing Director","Low","Divorced",5485,22670,9,"Yes",11,"Excellent","Medium",9,4,"Better",5,3,1,4,"Average","No"
"74",1244,37,"Travel_Rarely",783,"Research & Development",7,"Master","Medical","Very High","Male",78,"High","2","Research Scientist","Low","Married",4284,13588,5,"Yes",22,"Outstanding","High",16,2,"Better",5,3,0,4,"Average","No"
"75",1245,43,"Travel_Frequently",422,"Research & Development",1,"Bachelor","Life Sciences","Very High","Female",33,"High","2","Healthcare Representative","Very High","Married",5562,21782,4,"No",13,"Excellent","Medium",12,2,"Good",5,2,2,2,"Average","No"
"76",1246,28,"Travel_Rarely",640,"Research & Development",1,"Bachelor","Technical Degree","Very High","Male",84,"High","1","Research Scientist","Low","Single",2080,4732,2,"No",11,"Excellent","Medium",5,2,"Good",3,2,1,2,"Low","No"
"77",1247,57,"Travel_Rarely",593,"Research & Development",1,"Master","Medical","Very High","Male",88,"High","2","Healthcare Representative","High","Married",6755,2967,2,"No",11,"Excellent","High",15,2,"Better",3,2,1,2,"High","No"
"78",1248,30,"Travel_Frequently",1312,"Research & Development",2,"Master","Technical Degree","Very High","Female",78,"Medium","1","Research Scientist","Low","Single",4968,26427,0,"No",16,"Excellent","Very High",10,2,"Better",9,7,0,7,"Average","No"
"79",1249,36,"Travel_Frequently",469,"Research & Development",3,"Bachelor","Technical Degree","High","Male",46,"High","1","Research Scientist","Medium","Married",3692,9256,1,"No",12,"Excellent","High",12,2,"Good",11,10,0,7,"Average","No"
"80",1250,36,"Travel_Rarely",1041,"Human Resources",13,"Bachelor","Human Resources","High","Male",36,"High","1","Human Resources","Medium","Married",2143,25527,4,"No",13,"Excellent","Medium",8,2,"Better",5,2,0,4,"Low","No"
"81",1251,34,"Travel_Rarely",285,"Research & Development",29,"Bachelor","Medical","Medium","Male",86,"High","2","Laboratory Technician","High","Married",5429,17491,4,"No",13,"Excellent","Low",10,1,"Better",8,7,7,7,"Average","No"
"82",1252,34,"Travel_Rarely",216,"Sales",1,"Master","Marketing","Medium","Male",75,"Very High","2","Sales Executive","Very High","Divorced",9725,12278,0,"No",11,"Excellent","Very High",16,2,"Good",15,1,0,9,"High","No"
"83",1253,41,"Travel_Rarely",1411,"Research & Development",19,"College","Life Sciences","High","Male",36,"High","2","Research Scientist","Low","Divorced",3072,19877,2,"No",16,"Excellent","Low",17,2,"Good",1,0,0,0,"Average","No"
"84",1254,34,"Travel_Frequently",648,"Human Resources",11,"Bachelor","Life Sciences","High","Male",56,"Medium","2","Human Resources","Medium","Married",4490,21833,4,"No",11,"Excellent","Very High",14,5,"Best",10,9,1,8,"Average","No"
"85",1255,55,"Travel_Rarely",147,"Research & Development",20,"College","Technical Degree","Medium","Male",37,"High","2","Laboratory Technician","Very High","Married",5415,15972,3,"Yes",19,"Excellent","Very High",12,4,"Better",10,7,0,8,"Average","No"
"86",1256,52,"Travel_Frequently",322,"Research & Development",28,"College","Medical","Very High","Female",59,"Very High","4","Manufacturing Director","High","Married",13247,9731,2,"Yes",11,"Excellent","Medium",24,3,"Good",5,3,0,2,"Very High","No"
"87",1257,34,"Travel_Rarely",419,"Research & Development",7,"Master","Life Sciences","Low","Female",53,"High","3","Research Director","Medium","Single",11994,21293,0,"No",11,"Excellent","High",13,4,"Better",12,6,2,11,"Very High","No"
"88",1258,52,"Non-Travel",771,"Sales",2,"Master","Life Sciences","Low","Male",79,"Medium","5","Manager","High","Single",19068,21030,1,"Yes",18,"Excellent","Very High",33,2,"Best",33,7,15,12,"Very High","No"
"89",1259,49,"Travel_Rarely",1261,"Research & Development",7,"Bachelor","Other","Medium","Male",31,"Medium","3","Healthcare Representative","High","Single",10965,12066,8,"No",24,"Outstanding","High",26,2,"Better",5,2,0,0,"Very High","No"
"90",1260,26,"Travel_Rarely",1146,"Sales",8,"Bachelor","Technical Degree","Very High","Male",38,"Medium","2","Sales Executive","Low","Single",5326,3064,6,"No",17,"Excellent","High",6,2,"Good",4,3,1,2,"Average","No"
"91",1261,44,"Travel_Rarely",921,"Research & Development",2,"Bachelor","Life Sciences","High","Female",96,"Very High","3","Healthcare Representative","Very High","Married",7879,14810,1,"Yes",19,"Excellent","Medium",9,2,"Better",8,7,6,7,"High","No"
"92",1262,39,"Non-Travel",792,"Research & Development",1,"Bachelor","Life Sciences","Very High","Male",77,"High","2","Laboratory Technician","Very High","Married",6472,8989,1,"Yes",15,"Excellent","Very High",9,2,"Better",9,8,5,8,"High","No"
"93",1263,27,"Travel_Rarely",1054,"Research & Development",8,"Bachelor","Medical","High","Female",67,"High","1","Research Scientist","Very High","Single",3445,6152,1,"No",11,"Excellent","High",6,5,"Good",6,2,1,4,"Average","No"
"94",1264,50,"Travel_Frequently",1115,"Research & Development",1,"Bachelor","Life Sciences","Low","Female",73,"High","5","Research Director","Medium","Married",18172,9755,3,"Yes",19,"Excellent","Low",28,1,"Good",8,3,0,7,"Very High","No"
"95",1265,40,"Travel_Rarely",118,"Sales",14,"College","Life Sciences","Very High","Female",84,"High","2","Sales Executive","Low","Married",4639,11262,1,"No",15,"Excellent","High",5,2,"Better",5,4,1,2,"Average","No"
"96",1266,39,"Travel_Frequently",766,"Sales",20,"Bachelor","Life Sciences","High","Male",83,"High","2","Sales Executive","Very High","Divorced",4127,19188,2,"No",18,"Excellent","Very High",7,6,"Better",2,1,2,2,"Average","No"
"97",1267,60,"Travel_Rarely",370,"Research & Development",1,"Master","Medical","High","Male",92,"Low","3","Healthcare Representative","Very High","Divorced",10883,20467,3,"No",20,"Outstanding","High",19,2,"Best",1,0,0,0,"Very High","No"
"98",1268,39,"Travel_Rarely",867,"Research & Development",9,"College","Medical","Low","Male",87,"High","2","Manufacturing Director","Low","Married",5151,12315,1,"No",25,"Outstanding","Very High",10,3,"Better",10,0,7,9,"Average","No"
"99",1269,29,"Travel_Rarely",992,"Research & Development",1,"Bachelor","Technical Degree","High","Male",85,"High","1","Research Scientist","High","Single",2058,19757,0,"No",14,"Excellent","Very High",7,1,"Good",6,2,1,5,"Low","No"
"100",1270,31,"Travel_Rarely",202,"Research & Development",8,"Bachelor","Life Sciences","Low","Female",34,"Medium","1","Research Scientist","Medium","Single",1261,22262,1,"No",12,"Excellent","High",1,3,"Best",1,0,0,0,"Low","No"
"101",1271,41,"Travel_Rarely",896,"Sales",6,"Bachelor","Life Sciences","Very High","Female",75,"High","3","Manager","Very High","Single",13591,14674,3,"Yes",18,"Excellent","High",16,3,"Better",1,0,0,0,"Very High","No"
"102",1272,30,"Non-Travel",829,"Research & Development",1,"Below College","Life Sciences","High","Male",88,"Medium","3","Manufacturing Director","High","Single",8474,20925,1,"No",22,"Outstanding","High",12,2,"Better",11,8,5,8,"High","No"
"103",1273,25,"Travel_Rarely",1219,"Research & Development",4,"Below College","Technical Degree","Very High","Male",32,"High","1","Laboratory Technician","Very High","Married",3691,4605,1,"Yes",15,"Excellent","Medium",7,3,"Best",7,7,5,6,"Average","No"
"104",1274,53,"Travel_Rarely",1070,"Research & Development",3,"Master","Medical","High","Male",45,"High","4","Research Director","High","Married",17584,21016,3,"Yes",16,"Excellent","Very High",21,5,"Good",5,3,1,3,"Very High","No"
"105",1275,30,"Travel_Frequently",448,"Sales",12,"Master","Life Sciences","Medium","Male",74,"Medium","1","Sales Representative","Low","Married",2033,14470,1,"No",18,"Excellent","High",1,2,"Best",1,0,0,0,"Low","Yes"
"106",1276,26,"Travel_Rarely",1066,"Research & Development",2,"College","Medical","Very High","Male",32,"Very High","2","Manufacturing Director","Very High","Married",5472,3334,1,"No",12,"Excellent","Medium",8,2,"Better",8,7,1,3,"Average","No"
"107",1277,36,"Travel_Frequently",1302,"Research & Development",6,"Master","Life Sciences","Low","Male",80,"Very High","2","Laboratory Technician","Low","Married",5562,19711,3,"Yes",13,"Excellent","Very High",9,3,"Better",3,2,0,2,"Average","No"
"108",1278,31,"Travel_Rarely",1079,"Sales",10,"College","Medical","High","Female",86,"High","2","Sales Executive","Very High","Divorced",6583,20115,2,"Yes",11,"Excellent","Very High",8,2,"Better",5,2,1,4,"High","No"
"109",1279,37,"Travel_Rarely",807,"Human Resources",6,"Master","Human Resources","High","Male",63,"High","1","Human Resources","Low","Divorced",2073,23648,4,"Yes",22,"Outstanding","Very High",7,3,"Better",3,2,0,2,"Low","No"
"110",1280,54,"Non-Travel",142,"Human Resources",26,"Bachelor","Human Resources","Very High","Female",30,"Very High","4","Manager","Very High","Single",17328,13871,2,"Yes",12,"Excellent","High",23,3,"Better",5,3,4,4,"Very High","No"
"111",1281,35,"Travel_Frequently",662,"Sales",18,"Master","Marketing","Very High","Female",67,"High","2","Sales Executive","High","Married",4614,23288,0,"Yes",18,"Excellent","High",5,0,"Good",4,2,3,2,"Average","No"
"112",1282,35,"Travel_Rarely",1296,"Research & Development",5,"Master","Technical Degree","High","Male",62,"High","3","Manufacturing Director","Medium","Single",8095,18264,0,"No",13,"Excellent","Very High",17,5,"Better",16,6,0,13,"High","No"
"113",1283,37,"Travel_Rarely",367,"Research & Development",25,"College","Medical","High","Female",52,"Medium","2","Healthcare Representative","Very High","Divorced",5731,17171,7,"No",13,"Excellent","High",9,2,"Better",6,2,1,3,"Average","No"
"114",1284,38,"Travel_Rarely",1084,"Research & Development",29,"Bachelor","Technical Degree","Very High","Male",54,"High","2","Manufacturing Director","Very High","Married",6261,4185,3,"No",18,"Excellent","Low",9,3,"Bad",7,7,1,7,"High","No"
"115",1285,58,"Travel_Rarely",605,"Sales",21,"Bachelor","Life Sciences","Very High","Female",72,"High","4","Manager","Very High","Married",17875,11761,4,"Yes",13,"Excellent","High",29,2,"Good",1,0,0,0,"Very High","No"
"116",1286,43,"Travel_Frequently",775,"Sales",15,"Bachelor","Life Sciences","Very High","Male",47,"Medium","2","Sales Executive","Very High","Married",6804,23683,3,"No",18,"Excellent","High",7,5,"Better",2,2,2,2,"High","No"
"117",1287,30,"Travel_Rarely",1465,"Research & Development",1,"Bachelor","Medical","Very High","Male",63,"High","1","Research Scientist","Medium","Married",3579,9369,0,"Yes",21,"Outstanding","Low",12,2,"Better",11,9,5,7,"Average","No"
"118",1288,29,"Travel_Rarely",121,"Sales",27,"Bachelor","Marketing","Medium","Female",35,"High","3","Sales Executive","Very High","Married",7639,24525,1,"No",22,"Outstanding","Very High",10,3,"Good",10,4,1,9,"High","No"
"119",1289,24,"Non-Travel",1092,"Research & Development",9,"Bachelor","Life Sciences","High","Male",60,"Medium","1","Laboratory Technician","Medium","Divorced",2694,26551,1,"No",11,"Excellent","High",1,4,"Better",1,0,0,0,"Low","No"
"120",1290,58,"Travel_Rarely",682,"Sales",10,"Master","Medical","Very High","Male",37,"High","4","Sales Executive","High","Single",13872,24409,0,"No",13,"Excellent","High",38,1,"Good",37,10,1,8,"Very High","No"
"121",1291,38,"Travel_Rarely",1321,"Sales",1,"Master","Life Sciences","Very High","Male",86,"High","2","Sales Executive","Medium","Married",4440,7636,0,"No",15,"Excellent","Low",16,3,"Better",15,13,5,8,"Average","No"
"122",1292,52,"Travel_Rarely",319,"Research & Development",3,"Bachelor","Medical","Very High","Male",39,"Medium","3","Manufacturing Director","High","Married",7969,19609,2,"Yes",14,"Excellent","High",28,4,"Better",5,4,0,4,"High","No"
"123",1293,50,"Travel_Rarely",264,"Sales",9,"Bachelor","Marketing","High","Male",59,"High","5","Manager","High","Married",19331,19519,4,"Yes",16,"Excellent","High",27,2,"Better",1,0,0,0,"Very High","Yes"
"124",1294,36,"Travel_Frequently",884,"Research & Development",23,"College","Medical","High","Male",41,"Very High","2","Laboratory Technician","Very High","Married",2571,12290,4,"No",17,"Excellent","High",17,3,"Better",5,2,0,3,"Low","Yes"
"125",1295,36,"Travel_Frequently",607,"Sales",7,"Bachelor","Marketing","Low","Female",83,"Very High","2","Sales Executive","Low","Married",4639,2261,2,"No",16,"Excellent","Very High",17,2,"Good",15,7,6,13,"Average","No"
"126",1296,53,"Travel_Rarely",868,"Sales",8,"Bachelor","Marketing","Low","Male",73,"High","4","Sales Executive","Very High","Married",11836,22789,5,"No",14,"Excellent","High",28,3,"Better",2,0,2,2,"Very High","No"
"127",1297,29,"Travel_Rarely",1396,"Sales",10,"Bachelor","Life Sciences","High","Male",99,"High","1","Sales Representative","High","Single",2642,2755,1,"No",11,"Excellent","High",1,6,"Better",1,0,0,0,"Low","No"
"128",1298,50,"Travel_Rarely",1099,"Research & Development",29,"Master","Life Sciences","Medium","Male",88,"Medium","4","Manager","High","Married",17046,9314,0,"No",15,"Excellent","Medium",28,2,"Better",27,10,15,7,"Very High","No"
"129",1299,54,"Travel_Rarely",821,"Research & Development",5,"College","Medical","Low","Male",86,"High","5","Research Director","Low","Married",19406,8509,4,"No",11,"Excellent","High",24,4,"Good",4,2,1,2,"Very High","No"
"130",1300,36,"Non-Travel",894,"Research & Development",1,"Master","Medical","Very High","Female",33,"Medium","2","Manufacturing Director","High","Married",4374,15411,0,"No",15,"Excellent","High",4,6,"Better",3,2,1,2,"Average","No"
"131",1301,56,"Travel_Rarely",310,"Research & Development",7,"College","Technical Degree","Very High","Male",72,"High","1","Laboratory Technician","High","Married",2339,3666,8,"No",11,"Excellent","Very High",14,4,"Bad",10,9,9,8,"Low","No"
"132",1302,44,"Travel_Rarely",136,"Research & Development",28,"Bachelor","Life Sciences","Very High","Male",32,"High","4","Research Director","Low","Married",16328,22074,3,"No",13,"Excellent","High",24,1,"Best",20,6,14,17,"Very High","No"
"133",1303,49,"Travel_Rarely",1091,"Research & Development",1,"College","Technical Degree","High","Female",90,"Medium","4","Healthcare Representative","High","Single",13964,17810,7,"Yes",12,"Excellent","Very High",25,2,"Better",7,1,0,7,"Very High","No"
"134",1304,32,"Travel_Rarely",414,"Sales",2,"Master","Marketing","High","Male",82,"Medium","2","Sales Executive","Medium","Single",9907,26186,7,"Yes",12,"Excellent","High",7,3,"Good",2,2,2,2,"High","No"
"135",1305,55,"Travel_Rarely",111,"Sales",1,"College","Life Sciences","Low","Male",70,"High","3","Sales Executive","Very High","Married",10239,18092,3,"No",14,"Excellent","Very High",24,4,"Better",1,0,1,0,"Very High","No"
"136",1306,35,"Travel_Rarely",1315,"Research & Development",22,"Bachelor","Life Sciences","Medium","Female",71,"Very High","3","Manager","Medium","Divorced",11996,19100,7,"No",18,"Excellent","Medium",10,6,"Good",7,7,6,2,"Very High","No"
"137",1307,36,"Travel_Rarely",1425,"Research & Development",14,"Below College","Life Sciences","High","Male",68,"High","2","Healthcare Representative","Very High","Married",6586,4821,0,"Yes",17,"Excellent","Low",17,2,"Good",16,8,4,11,"High","No"
"138",1308,42,"Travel_Rarely",1210,"Research & Development",2,"Bachelor","Medical","High","Male",68,"Medium","1","Laboratory Technician","Medium","Married",4841,24052,4,"No",14,"Excellent","Medium",4,3,"Better",1,0,0,0,"Average","No"
"139",1309,27,"Non-Travel",1277,"Research & Development",8,"Doctor","Life Sciences","Low","Male",87,"Low","1","Laboratory Technician","High","Married",4621,5869,1,"No",19,"Excellent","Very High",3,4,"Better",3,2,1,2,"Average","No"
"140",1310,46,"Non-Travel",849,"Sales",26,"College","Life Sciences","Medium","Male",98,"Medium","2","Sales Executive","Medium","Single",7991,25166,8,"No",15,"Excellent","High",6,3,"Better",2,2,2,2,"High","No"
"141",1311,45,"Travel_Rarely",194,"Research & Development",9,"Bachelor","Life Sciences","Medium","Male",60,"High","2","Laboratory Technician","Medium","Divorced",2348,10901,8,"No",18,"Excellent","High",20,2,"Bad",17,9,0,15,"Low","No"
"142",1312,42,"Travel_Frequently",570,"Research & Development",8,"Bachelor","Life Sciences","Medium","Male",66,"High","5","Manager","Very High","Divorced",18430,16225,1,"No",13,"Excellent","Medium",24,4,"Good",24,7,14,9,"Very High","No"
"143",1313,40,"Travel_Rarely",448,"Research & Development",16,"Bachelor","Life Sciences","High","Female",84,"High","3","Manufacturing Director","Very High","Single",7945,19948,6,"Yes",15,"Excellent","Very High",18,2,"Good",4,2,3,3,"High","No"
"144",1314,32,"Travel_Rarely",120,"Research & Development",6,"Doctor","Life Sciences","High","Male",43,"High","1","Research Scientist","High","Single",3038,12430,3,"No",20,"Outstanding","Low",8,2,"Better",5,4,1,4,"Average","No"
"145",1315,45,"Travel_Rarely",538,"Research & Development",1,"Master","Technical Degree","Low","Male",66,"High","3","Healthcare Representative","Medium","Divorced",7441,20933,1,"No",12,"Excellent","Low",10,4,"Better",10,8,7,7,"High","No"
"146",1316,41,"Travel_Frequently",143,"Sales",4,"Bachelor","Marketing","Low","Male",56,"High","2","Sales Executive","Medium","Single",9355,9558,1,"No",18,"Excellent","High",8,5,"Better",8,7,7,7,"High","No"
"147",1317,42,"Travel_Rarely",188,"Research & Development",29,"Bachelor","Medical","Medium","Male",56,"Low","2","Laboratory Technician","Very High","Single",4272,9558,4,"No",19,"Excellent","Low",16,3,"Better",1,0,0,0,"Average","No"
"148",1318,31,"Travel_Frequently",667,"Sales",1,"Master","Life Sciences","Medium","Female",50,"Low","1","Sales Representative","High","Single",1359,16154,1,"No",12,"Excellent","Medium",1,3,"Better",1,0,0,0,"Low","Yes"
"149",1319,28,"Travel_Rarely",1117,"Research & Development",8,"College","Life Sciences","Very High","Female",66,"High","1","Research Scientist","Very High","Single",3310,4488,1,"No",21,"Outstanding","Very High",5,3,"Better",5,3,0,2,"Average","No"
"150",1320,55,"Travel_Rarely",685,"Sales",26,"Doctor","Marketing","High","Male",60,"Medium","5","Manager","Very High","Married",19586,23037,1,"No",21,"Outstanding","High",36,3,"Better",36,6,2,13,"Very High","No"
"151",1321,33,"Travel_Rarely",832,"Research & Development",5,"Master","Life Sciences","High","Female",63,"Medium","1","Research Scientist","Very High","Married",2911,14776,1,"No",13,"Excellent","High",2,2,"Good",2,2,0,2,"Low","No"
"152",1322,53,"Travel_Rarely",346,"Research & Development",6,"Bachelor","Life Sciences","Very High","Male",86,"High","2","Laboratory Technician","Very High","Single",2450,10919,2,"No",17,"Excellent","Very High",19,4,"Better",2,2,2,2,"Low","No"
"153",1323,40,"Travel_Frequently",530,"Research & Development",1,"Master","Life Sciences","High","Male",78,"Medium","4","Healthcare Representative","Medium","Married",13503,14115,1,"No",22,"Outstanding","Very High",22,3,"Good",22,3,11,11,"Very High","No"
"154",1324,30,"Travel_Rarely",1092,"Research & Development",10,"Bachelor","Medical","Low","Female",64,"High","3","Manufacturing Director","High","Single",9667,2739,9,"No",14,"Excellent","Medium",9,3,"Better",7,7,0,2,"High","No"
"155",1325,40,"Travel_Rarely",804,"Research & Development",2,"Below College","Medical","Very High","Female",86,"Medium","1","Research Scientist","Very High","Single",2342,22929,0,"Yes",20,"Outstanding","Very High",5,2,"Good",4,2,2,3,"Low","No"
"156",1326,31,"Travel_Rarely",329,"Research & Development",1,"College","Life Sciences","Very High","Male",98,"Medium","1","Laboratory Technician","Low","Married",2218,16193,1,"No",12,"Excellent","High",4,3,"Better",4,2,3,2,"Low","No"
"157",1327,34,"Non-Travel",999,"Research & Development",26,"Below College","Technical Degree","Low","Female",92,"Medium","1","Research Scientist","High","Divorced",2029,15891,1,"No",20,"Outstanding","High",5,2,"Better",5,4,0,0,"Low","No"
"158",1328,40,"Travel_Rarely",299,"Sales",25,"Master","Marketing","Very High","Male",57,"Medium","3","Sales Executive","Medium","Single",9094,17235,2,"Yes",12,"Excellent","High",9,2,"Better",5,4,1,0,"High","No"
"159",1329,21,"Travel_Rarely",391,"Research & Development",15,"College","Life Sciences","High","Male",96,"High","1","Research Scientist","Very High","Single",1232,19281,1,"No",14,"Excellent","Very High",0,6,"Better",0,0,0,0,"Low","No"
"160",1330,35,"Non-Travel",1097,"Research & Development",11,"College","Medical","High","Male",79,"Medium","3","Healthcare Representative","Low","Married",9884,8302,2,"Yes",13,"Excellent","High",10,3,"Better",4,0,2,3,"High","No"
"161",1331,40,"Travel_Rarely",369,"Research & Development",8,"College","Life Sciences","Medium","Female",92,"High","2","Manufacturing Director","Low","Married",6516,5041,2,"Yes",16,"Excellent","Medium",18,3,"Better",1,0,0,0,"High","No"
"162",1332,28,"Travel_Rarely",1083,"Research & Development",29,"Below College","Life Sciences","High","Male",96,"Low","2","Manufacturing Director","Medium","Married",6549,3173,1,"No",14,"Excellent","Medium",8,2,"Good",8,6,1,7,"High","No"
"163",1333,34,"Travel_Rarely",699,"Research & Development",6,"Below College","Medical","Medium","Male",83,"High","1","Research Scientist","Low","Single",2960,17102,2,"No",11,"Excellent","High",8,2,"Better",4,2,1,3,"Low","No"
"164",1334,29,"Travel_Rarely",806,"Research & Development",7,"Bachelor","Technical Degree","Medium","Female",39,"High","1","Laboratory Technician","High","Divorced",3339,17285,3,"Yes",13,"Excellent","Low",10,2,"Better",7,7,7,7,"Average","No"
"165",1335,42,"Travel_Rarely",1265,"Research & Development",3,"Bachelor","Life Sciences","High","Female",95,"Very High","2","Laboratory Technician","Very High","Married",5231,23726,2,"Yes",13,"Excellent","Medium",17,1,"Good",5,3,1,3,"Average","No"
"166",1336,29,"Travel_Rarely",1283,"Research & Development",23,"Bachelor","Life Sciences","Very High","Male",54,"High","1","Research Scientist","Very High","Single",2201,18168,9,"No",16,"Excellent","Very High",6,4,"Better",3,2,1,2,"Low","No"
"167",1337,51,"Travel_Frequently",237,"Sales",9,"Bachelor","Life Sciences","Very High","Male",83,"High","5","Manager","Medium","Divorced",19847,19196,4,"Yes",24,"Outstanding","Low",31,5,"Good",29,10,11,10,"Very High","No"
"168",1338,27,"Non-Travel",210,"Sales",1,"Below College","Marketing","High","Male",73,"High","2","Sales Executive","Medium","Married",6349,22107,0,"Yes",13,"Excellent","Very High",6,0,"Better",5,4,1,4,"High","No"
"169",1339,50,"Travel_Rarely",1207,"Research & Development",28,"Below College","Medical","Very High","Male",74,"Very High","1","Laboratory Technician","High","Married",3221,3297,1,"Yes",11,"Excellent","High",20,3,"Better",20,8,3,8,"Average","No"
"170",1340,35,"Travel_Rarely",195,"Sales",1,"Bachelor","Medical","Low","Female",80,"High","2","Sales Executive","High","Single",4859,6698,1,"No",16,"Excellent","Very High",5,3,"Better",5,4,0,3,"Average","No"
"171",1341,25,"Travel_Rarely",180,"Research & Development",2,"Below College","Medical","Low","Male",65,"Very High","1","Research Scientist","Low","Single",3424,21632,7,"No",13,"Excellent","High",6,3,"Good",4,3,0,1,"Average","No"
"172",1342,44,"Travel_Rarely",935,"Research & Development",3,"Bachelor","Life Sciences","Low","Male",89,"High","1","Laboratory Technician","Low","Married",2362,14669,4,"No",12,"Excellent","High",10,4,"Best",3,2,1,2,"Low","Yes"
"173",1343,27,"Travel_Rarely",975,"Research & Development",7,"Bachelor","Medical","Very High","Female",55,"Medium","2","Healthcare Representative","Low","Single",6811,23398,8,"No",19,"Excellent","Low",9,2,"Bad",7,6,0,7,"High","No"
"174",1344,38,"Travel_Rarely",1380,"Research & Development",9,"College","Life Sciences","High","Female",75,"High","1","Laboratory Technician","Very High","Single",2288,6319,1,"No",12,"Excellent","High",2,3,"Better",2,2,2,1,"Low","No"
"175",1345,27,"Travel_Rarely",1469,"Research & Development",1,"College","Medical","Very High","Male",82,"High","1","Laboratory Technician","Medium","Divorced",3816,17881,1,"No",11,"Excellent","Medium",5,2,"Better",5,2,0,4,"Average","No"
"176",1346,49,"Travel_Frequently",279,"Research & Development",8,"Below College","Life Sciences","High","Male",61,"Medium","2","Research Scientist","Medium","Married",5130,24907,1,"No",23,"Outstanding","Very High",10,3,"Better",10,7,1,7,"Average","No"
"177",1347,49,"Travel_Rarely",1418,"Research & Development",1,"Bachelor","Technical Degree","High","Female",36,"High","1","Research Scientist","Low","Married",3580,10554,2,"No",16,"Excellent","Medium",7,2,"Better",4,2,0,2,"Average","No"
"178",1348,35,"Travel_Rarely",1349,"Research & Development",7,"College","Life Sciences","High","Male",63,"Medium","1","Laboratory Technician","Very High","Married",2690,7713,1,"No",18,"Excellent","Very High",1,5,"Good",1,0,0,1,"Low","Yes"
"179",1349,44,"Travel_Rarely",1315,"Research & Development",3,"Master","Other","Very High","Male",35,"High","5","Manager","Very High","Married",19513,9358,4,"Yes",12,"Excellent","Low",26,2,"Best",2,2,0,1,"Very High","No"
"180",1350,44,"Travel_Rarely",1448,"Sales",28,"Bachelor","Medical","Very High","Female",53,"Very High","4","Sales Executive","Very High","Married",13320,11737,3,"Yes",18,"Excellent","High",23,2,"Better",12,11,11,11,"Very High","No"
"181",1351,26,"Travel_Frequently",575,"Research & Development",1,"College","Life Sciences","Low","Female",71,"Low","1","Laboratory Technician","Very High","Divorced",4364,5288,3,"No",14,"Excellent","Low",5,2,"Better",2,2,2,0,"Average","No"
"182",1352,43,"Travel_Rarely",1273,"Research & Development",2,"College","Medical","Very High","Female",72,"Very High","1","Research Scientist","High","Divorced",2645,21923,1,"No",12,"Excellent","Very High",6,3,"Good",5,3,1,4,"Low","No"
"183",1353,50,"Travel_Rarely",328,"Research & Development",1,"Bachelor","Medical","High","Male",86,"Medium","1","Laboratory Technician","High","Married",3690,3425,2,"No",15,"Excellent","Very High",5,2,"Good",3,2,0,2,"Average","Yes"
"184",1354,41,"Travel_Rarely",930,"Sales",3,"Bachelor","Life Sciences","High","Male",57,"Medium","2","Sales Executive","Medium","Divorced",8938,12227,2,"No",11,"Excellent","High",14,5,"Better",5,4,0,4,"High","No"
"185",1355,43,"Travel_Rarely",982,"Research & Development",12,"Bachelor","Life Sciences","Low","Male",59,"Medium","4","Research Director","Medium","Divorced",14336,4345,1,"No",11,"Excellent","High",25,3,"Better",25,10,3,9,"Very High","No"
"186",1356,53,"Travel_Rarely",238,"Sales",1,"Below College","Medical","Very High","Female",34,"High","2","Sales Executive","Low","Single",8381,7507,7,"No",20,"Outstanding","Very High",18,2,"Best",14,7,8,10,"High","No"
"187",1357,45,"Travel_Rarely",1005,"Research & Development",28,"College","Technical Degree","Very High","Female",48,"Medium","4","Research Director","Medium","Single",16704,17119,1,"No",11,"Excellent","High",21,2,"Better",21,6,8,6,"Very High","No"
"188",1358,20,"Travel_Rarely",805,"Research & Development",3,"Bachelor","Life Sciences","Low","Male",87,"Medium","1","Laboratory Technician","High","Single",3033,12828,1,"No",12,"Excellent","Low",2,2,"Good",2,2,1,2,"Average","No"
"189",1359,54,"Travel_Frequently",966,"Research & Development",1,"Master","Life Sciences","Very High","Female",53,"High","3","Manufacturing Director","High","Divorced",10502,9659,7,"No",17,"Excellent","Low",33,2,"Bad",5,4,1,4,"Very High","No"
"190",1360,39,"Travel_Rarely",524,"Research & Development",18,"College","Life Sciences","Low","Male",32,"High","2","Manufacturing Director","High","Single",4534,13352,0,"No",11,"Excellent","Low",9,6,"Better",8,7,1,7,"Average","No"
"191",1361,30,"Travel_Rarely",1334,"Sales",4,"College","Medical","High","Female",63,"Medium","2","Sales Executive","Medium","Divorced",5209,19760,1,"Yes",12,"Excellent","Medium",11,4,"Good",11,8,2,7,"Average","No"
"192",1362,39,"Travel_Rarely",170,"Research & Development",3,"College","Medical","High","Male",76,"Medium","2","Laboratory Technician","High","Divorced",3069,10302,0,"No",15,"Excellent","Very High",11,3,"Better",10,8,0,7,"Average","No"
"193",1363,35,"Travel_Rarely",819,"Research & Development",18,"Doctor","Life Sciences","Medium","Male",48,"Very High","2","Research Scientist","Low","Married",5208,26312,1,"No",11,"Excellent","Very High",16,2,"Better",16,15,1,10,"Average","No"
"194",1364,38,"Travel_Frequently",1186,"Research & Development",3,"Master","Other","High","Male",44,"High","1","Research Scientist","High","Married",2821,2997,3,"No",16,"Excellent","Low",8,2,"Better",2,2,2,2,"Low","No"
"195",1365,25,"Travel_Rarely",622,"Sales",13,"Below College","Medical","Medium","Male",40,"High","1","Sales Representative","High","Married",2096,26376,1,"No",11,"Excellent","High",7,1,"Better",7,4,0,6,"Low","No"
"196",1366,29,"Travel_Rarely",738,"Research & Development",9,"Doctor","Other","Medium","Male",30,"Medium","1","Laboratory Technician","Very High","Single",3983,7621,0,"No",17,"Excellent","High",4,2,"Better",3,2,2,2,"Average","No"
"197",1367,34,"Travel_Frequently",988,"Human Resources",23,"Bachelor","Human Resources","Medium","Female",43,"High","3","Human Resources","Low","Divorced",9950,11533,9,"Yes",15,"Excellent","High",11,2,"Better",3,2,0,2,"High","No"
"198",1368,31,"Non-Travel",979,"Research & Development",1,"Master","Medical","High","Male",90,"Low","2","Manufacturing Director","High","Married",4345,4381,0,"No",12,"Excellent","Very High",6,2,"Better",5,4,1,4,"Average","No"
"199",1369,51,"Travel_Rarely",770,"Human Resources",5,"Bachelor","Life Sciences","High","Male",84,"High","4","Manager","Medium","Divorced",14026,17588,1,"Yes",11,"Excellent","Medium",33,2,"Better",33,9,0,10,"Very High","No"
"200",1370,54,"Travel_Rarely",155,"Research & Development",9,"College","Life Sciences","Low","Female",67,"High","2","Research Scientist","High","Married",2897,22474,3,"No",11,"Excellent","High",9,6,"Good",4,3,2,3,"Low","No"
"201",1371,41,"Travel_Frequently",840,"Research & Development",9,"Bachelor","Medical","Low","Male",64,"High","5","Research Director","High","Divorced",19419,3735,2,"No",17,"Excellent","Medium",21,2,"Best",18,16,0,11,"Very High","No"
"202",1372,28,"Travel_Rarely",1181,"Research & Development",1,"Bachelor","Life Sciences","High","Male",82,"High","1","Research Scientist","Very High","Married",2044,5531,1,"No",11,"Excellent","High",5,6,"Best",5,3,0,3,"Low","No"
"203",1373,39,"Travel_Rarely",1431,"Research & Development",1,"Master","Medical","High","Female",96,"High","1","Laboratory Technician","High","Divorced",2232,15417,7,"No",14,"Excellent","High",7,1,"Better",3,2,1,2,"Low","No"
"204",1374,36,"Travel_Rarely",363,"Research & Development",1,"Bachelor","Technical Degree","High","Female",77,"Low","3","Manufacturing Director","Low","Divorced",10252,4235,2,"Yes",21,"Outstanding","High",17,2,"Better",7,7,7,7,"Very High","No"
"205",1375,53,"Non-Travel",661,"Research & Development",1,"Master","Medical","Low","Female",60,"Medium","4","Manufacturing Director","High","Married",12965,22308,4,"Yes",20,"Outstanding","Very High",27,2,"Good",3,2,0,2,"Very High","No"
"206",1376,31,"Travel_Rarely",140,"Research & Development",12,"Below College","Medical","High","Female",95,"High","1","Research Scientist","Very High","Married",3929,6984,8,"Yes",23,"Outstanding","High",7,0,"Better",4,2,0,2,"Average","No"
"207",1377,28,"Travel_Rarely",304,"Sales",9,"Master","Life Sciences","Medium","Male",92,"High","2","Sales Executive","Very High","Single",5253,20750,1,"No",16,"Excellent","Very High",7,1,"Better",7,5,0,7,"Average","No"
"208",1378,33,"Non-Travel",1283,"Sales",2,"Bachelor","Marketing","Very High","Female",62,"High","2","Sales Executive","Medium","Single",5147,10697,8,"No",15,"Excellent","Very High",13,2,"Good",11,7,1,7,"Average","No"
"209",1379,38,"Travel_Rarely",437,"Sales",16,"Bachelor","Life Sciences","Medium","Female",90,"High","2","Sales Executive","Medium","Single",4198,16379,2,"No",12,"Excellent","Medium",8,5,"Best",3,2,1,2,"Average","No"
"210",1380,50,"Travel_Rarely",854,"Sales",1,"Master","Medical","Very High","Female",68,"High","5","Manager","Very High","Divorced",19517,24118,3,"No",11,"Excellent","High",32,3,"Good",7,0,0,6,"Very High","No"
"211",1381,26,"Travel_Frequently",575,"Research & Development",3,"Below College","Technical Degree","High","Male",73,"High","1","Research Scientist","Low","Single",3102,6582,0,"No",22,"Outstanding","High",7,2,"Better",6,4,0,4,"Average","No"
"212",1382,45,"Travel_Rarely",549,"Research & Development",8,"Master","Other","Very High","Male",75,"High","2","Research Scientist","Very High","Married",3697,9278,9,"No",14,"Excellent","Low",12,3,"Better",10,9,9,8,"Average","No"
"213",1383,38,"Travel_Frequently",240,"Research & Development",2,"Master","Life Sciences","Low","Female",75,"Very High","2","Manufacturing Director","Low","Single",5980,26085,6,"Yes",12,"Excellent","Very High",17,2,"Better",15,7,4,12,"Average","No"
"214",1384,32,"Travel_Rarely",638,"Research & Development",8,"College","Medical","High","Female",91,"Very High","2","Research Scientist","High","Married",5175,22162,5,"No",12,"Excellent","High",9,3,"Good",5,3,1,3,"Average","No"
"215",1385,42,"Travel_Rarely",201,"Research & Development",1,"Master","Life Sciences","Medium","Female",95,"High","1","Laboratory Technician","Low","Divorced",2576,20490,3,"No",16,"Excellent","Medium",8,5,"Better",5,2,1,2,"Low","No"
"216",1386,34,"Travel_Rarely",1440,"Sales",7,"College","Technical Degree","Medium","Male",55,"High","1","Sales Representative","High","Married",2308,4944,0,"Yes",25,"Outstanding","Medium",12,4,"Better",11,10,5,7,"Low","No"
"217",1387,29,"Travel_Rarely",598,"Research & Development",9,"Bachelor","Life Sciences","High","Male",91,"Very High","1","Research Scientist","High","Married",2451,22376,6,"No",18,"Excellent","Low",5,2,"Good",1,0,0,0,"Low","No"
"218",1388,31,"Travel_Rarely",330,"Research & Development",22,"Master","Medical","Very High","Male",98,"High","2","Manufacturing Director","High","Married",6179,21057,1,"Yes",15,"Excellent","Very High",10,3,"Good",10,2,6,7,"High","No"
"219",1389,23,"Travel_Rarely",1309,"Research & Development",26,"Below College","Life Sciences","High","Male",83,"High","1","Research Scientist","Very High","Divorced",2904,16092,1,"No",12,"Excellent","High",4,2,"Good",4,2,0,2,"Low","No"
"220",1390,36,"Non-Travel",217,"Research & Development",18,"Master","Life Sciences","Low","Male",78,"High","2","Manufacturing Director","Very High","Single",7779,23238,2,"No",20,"Outstanding","Low",18,0,"Better",11,9,0,9,"High","No"
"221",1391,30,"Travel_Rarely",570,"Sales",5,"Bachelor","Marketing","Very High","Female",30,"Medium","2","Sales Executive","High","Divorced",6118,5431,1,"No",13,"Excellent","High",10,2,"Better",10,9,1,2,"High","No"
"222",1392,29,"Travel_Rarely",1090,"Sales",10,"Bachelor","Marketing","Very High","Male",83,"High","1","Sales Representative","Medium","Divorced",2297,17967,1,"No",14,"Excellent","Very High",2,2,"Better",2,2,2,2,"Low","Yes"
"223",1393,42,"Travel_Rarely",532,"Research & Development",4,"College","Technical Degree","High","Male",58,"High","5","Manager","Very High","Married",19232,4933,1,"No",11,"Excellent","Very High",22,3,"Better",22,17,11,15,"Very High","No"
"224",1394,51,"Travel_Rarely",684,"Research & Development",6,"Bachelor","Life Sciences","Low","Male",51,"High","5","Research Director","High","Single",19537,6462,7,"No",13,"Excellent","High",23,5,"Better",20,18,15,15,"Very High","No"
"225",1395,22,"Travel_Rarely",1230,"Research & Development",1,"College","Life Sciences","Very High","Male",33,"Medium","2","Manufacturing Director","Very High","Married",4775,19146,6,"No",22,"Outstanding","Low",4,2,"Bad",2,2,2,2,"Average","No"
"226",1396,35,"Travel_Rarely",1276,"Research & Development",16,"Bachelor","Life Sciences","Very High","Male",72,"High","3","Healthcare Representative","High","Married",7632,14295,4,"Yes",12,"Excellent","High",10,2,"Better",8,7,0,0,"High","No"
"227",1397,35,"Travel_Frequently",482,"Research & Development",4,"Master","Life Sciences","High","Male",87,"High","2","Research Scientist","High","Single",4249,2690,1,"Yes",11,"Excellent","Medium",9,3,"Better",9,6,1,1,"Average","No"
"228",1398,35,"Travel_Frequently",1199,"Research & Development",18,"Master","Life Sciences","High","Male",80,"High","2","Healthcare Representative","High","Married",5689,24594,1,"Yes",14,"Excellent","Very High",10,2,"Best",10,2,0,2,"Average","No"
"229",1399,40,"Travel_Rarely",1124,"Sales",1,"College","Medical","Medium","Male",57,"Low","2","Sales Executive","Very High","Married",7457,13273,2,"Yes",22,"Outstanding","High",6,2,"Good",4,3,0,2,"High","No"
"230",1400,37,"Travel_Rarely",1107,"Research & Development",14,"Bachelor","Life Sciences","Very High","Female",95,"High","1","Laboratory Technician","Low","Divorced",3034,26914,1,"No",12,"Excellent","High",18,2,"Good",18,7,12,17,"Average","No"
"231",1401,35,"Travel_Rarely",104,"Research & Development",2,"Bachelor","Life Sciences","Low","Female",69,"High","1","Laboratory Technician","Low","Divorced",2074,26619,1,"Yes",12,"Excellent","Very High",1,2,"Better",1,0,0,0,"Low","No"
"232",1402,25,"Travel_Rarely",141,"Sales",3,"Below College","Other","High","Male",98,"High","2","Sales Executive","Low","Married",4194,14363,1,"Yes",18,"Excellent","Very High",5,3,"Better",5,3,0,3,"Average","No"
"233",1403,44,"Travel_Rarely",1199,"Research & Development",4,"College","Life Sciences","High","Male",92,"Very High","5","Manager","Low","Divorced",19190,17477,1,"No",14,"Excellent","Very High",26,4,"Good",25,9,14,13,"Very High","No"
"234",1404,35,"Travel_Rarely",144,"Research & Development",22,"Bachelor","Life Sciences","Very High","Male",46,"Low","1","Laboratory Technician","High","Single",4230,19225,0,"No",15,"Excellent","High",6,2,"Better",5,4,4,3,"Average","No"
"235",1405,31,"Travel_Frequently",754,"Sales",26,"Master","Marketing","Low","Male",63,"High","2","Sales Executive","Very High","Married",5617,21075,1,"Yes",11,"Excellent","High",10,4,"Better",10,7,0,8,"Average","No"
"236",1406,35,"Travel_Rarely",1258,"Research & Development",1,"Master","Life Sciences","Very High","Female",40,"Very High","1","Research Scientist","High","Single",2506,13301,3,"No",13,"Excellent","High",7,0,"Better",2,2,2,2,"Low","No"
"237",1407,33,"Travel_Rarely",924,"Research & Development",2,"Bachelor","Medical","High","Male",78,"High","1","Laboratory Technician","Very High","Single",2496,6670,4,"No",11,"Excellent","Very High",7,3,"Better",1,1,0,0,"Low","No"
"238",1408,29,"Travel_Rarely",441,"Research & Development",8,"Below College","Other","High","Female",39,"Low","2","Healthcare Representative","Low","Married",9715,7288,3,"No",13,"Excellent","High",9,3,"Better",7,7,0,7,"High","No"
"239",1409,55,"Travel_Rarely",452,"Research & Development",1,"Bachelor","Medical","Very High","Male",81,"High","5","Manager","Low","Single",19045,18938,0,"Yes",14,"Excellent","High",37,2,"Better",36,10,4,13,"Very High","Yes"
"240",1410,55,"Travel_Rarely",1117,"Sales",18,"Doctor","Life Sciences","Low","Female",83,"High","4","Manager","Medium","Single",16835,9873,3,"No",23,"Outstanding","Very High",37,2,"Better",10,9,7,7,"Very High","No"
"241",1411,22,"Travel_Rarely",581,"Research & Development",1,"College","Life Sciences","Very High","Male",63,"High","1","Research Scientist","High","Single",3375,17624,0,"No",12,"Excellent","Very High",4,2,"Best",3,2,1,2,"Average","No"
"242",1412,32,"Non-Travel",953,"Research & Development",5,"Master","Technical Degree","Medium","Male",65,"High","1","Research Scientist","Medium","Single",2718,17674,2,"No",14,"Excellent","Medium",12,3,"Better",7,7,0,7,"Low","No"
"243",1413,50,"Travel_Rarely",1464,"Research & Development",2,"Master","Medical","Medium","Male",62,"High","5","Research Director","High","Married",19237,12853,2,"Yes",11,"Excellent","Very High",29,2,"Good",8,1,7,7,"Very High","No"
"244",1414,36,"Travel_Rarely",1174,"Sales",3,"Master","Marketing","Low","Female",99,"High","2","Sales Executive","Medium","Single",9278,20763,3,"Yes",16,"Excellent","Very High",15,3,"Better",5,4,0,1,"High","No"
"245",1415,40,"Travel_Frequently",1395,"Research & Development",26,"Bachelor","Medical","Medium","Female",54,"High","2","Research Scientist","Medium","Divorced",5605,8504,1,"No",11,"Excellent","Low",20,2,"Better",20,7,2,13,"Average","No"
"246",1416,33,"Travel_Frequently",827,"Research & Development",1,"Master","Other","High","Female",84,"Very High","2","Healthcare Representative","Medium","Married",5488,20161,1,"Yes",13,"Excellent","Low",6,2,"Better",6,5,1,2,"Average","No"
"247",1417,31,"Travel_Frequently",523,"Research & Development",2,"Bachelor","Life Sciences","Medium","Male",94,"High","1","Laboratory Technician","Very High","Married",3722,21081,6,"Yes",13,"Excellent","High",7,2,"Bad",2,2,2,2,"Average","No"
"248",1418,26,"Travel_Rarely",991,"Research & Development",6,"Bachelor","Life Sciences","High","Female",71,"High","1","Laboratory Technician","Very High","Married",2659,17759,1,"Yes",13,"Excellent","High",3,2,"Better",3,2,0,2,"Low","Yes"
"249",1419,31,"Travel_Frequently",1445,"Research & Development",1,"Doctor","Life Sciences","High","Female",100,"Very High","3","Manufacturing Director","Medium","Single",7446,8931,1,"No",11,"Excellent","Low",10,2,"Better",10,8,4,7,"High","No"
"250",1420,35,"Travel_Rarely",735,"Research & Development",6,"Below College","Life Sciences","High","Male",66,"High","1","Research Scientist","High","Married",3506,6020,0,"Yes",14,"Excellent","Very High",4,3,"Better",3,2,2,2,"Average","No"
"251",1421,33,"Travel_Rarely",1017,"Research & Development",25,"Bachelor","Medical","Low","Male",55,"Medium","1","Research Scientist","Medium","Single",2313,2993,4,"Yes",20,"Outstanding","Medium",5,0,"Better",2,2,2,2,"Low","No"
"252",1422,41,"Non-Travel",247,"Research & Development",7,"Below College","Life Sciences","Medium","Female",55,"Low","5","Research Director","High","Divorced",19973,20284,1,"No",22,"Outstanding","Medium",21,3,"Better",21,16,5,10,"Very High","No"
"253",1423,41,"Travel_Rarely",427,"Human Resources",10,"Master","Human Resources","Medium","Male",73,"Medium","5","Manager","Very High","Divorced",19141,8861,3,"No",15,"Excellent","Medium",23,2,"Good",21,6,12,6,"Very High","No"
"254",1424,27,"Non-Travel",443,"Research & Development",3,"Bachelor","Medical","Very High","Male",50,"High","1","Research Scientist","Very High","Married",1706,16571,1,"No",11,"Excellent","High",0,6,"Good",0,0,0,0,"Low","No"
"255",1425,46,"Travel_Rarely",406,"Sales",3,"Below College","Marketing","Low","Male",52,"High","4","Manager","High","Married",17465,15596,3,"No",12,"Excellent","Very High",23,3,"Better",12,9,4,9,"Very High","No"
"256",1426,50,"Travel_Rarely",1046,"Research & Development",10,"Bachelor","Technical Degree","Very High","Male",100,"Medium","3","Healthcare Representative","Very High","Single",10496,2755,6,"No",15,"Excellent","Very High",20,2,"Better",4,3,1,3,"Very High","No"
"257",1427,45,"Travel_Frequently",1199,"Research & Development",7,"Master","Life Sciences","Low","Male",77,"Very High","2","Manufacturing Director","High","Married",6434,5118,4,"No",17,"Excellent","Very High",9,1,"Better",3,2,0,2,"High","No"
"258",1428,30,"Non-Travel",879,"Research & Development",9,"College","Medical","High","Female",72,"High","2","Manufacturing Director","High","Single",4695,12858,7,"Yes",18,"Excellent","High",10,3,"Better",8,4,1,7,"Average","No"
"259",1429,26,"Travel_Rarely",950,"Sales",4,"Master","Marketing","Very High","Male",48,"Medium","2","Sales Executive","Very High","Single",5828,8450,1,"Yes",12,"Excellent","Medium",8,0,"Better",8,7,7,4,"Average","No"
"260",1430,40,"Travel_Rarely",1137,"Research & Development",1,"Master","Life Sciences","Low","Male",98,"High","4","Manager","Low","Divorced",16823,18991,2,"No",11,"Excellent","Low",22,3,"Better",19,7,11,16,"Very High","No"
"261",1431,55,"Travel_Rarely",1136,"Research & Development",1,"Master","Medical","Medium","Male",81,"Very High","4","Research Director","Very High","Divorced",14732,12414,2,"No",13,"Excellent","Very High",31,4,"Best",7,7,0,0,"Very High","No"
"262",1432,31,"Non-Travel",587,"Sales",2,"Master","Life Sciences","Very High","Female",57,"High","3","Sales Executive","High","Divorced",9852,8935,1,"Yes",19,"Excellent","Low",10,5,"Good",10,8,9,6,"High","No"
"263",1433,33,"Non-Travel",722,"Sales",17,"Bachelor","Life Sciences","Very High","Male",38,"High","4","Manager","High","Single",17444,20489,1,"No",11,"Excellent","Very High",10,2,"Better",10,8,6,0,"Very High","No"
"264",1434,50,"Travel_Frequently",878,"Sales",1,"Master","Life Sciences","Medium","Male",94,"High","2","Sales Executive","High","Divorced",6728,14255,7,"No",12,"Excellent","Very High",12,3,"Better",6,3,0,1,"High","No"
"265",1435,24,"Non-Travel",673,"Research & Development",11,"College","Other","Low","Female",96,"Very High","2","Manufacturing Director","High","Divorced",4011,8232,0,"No",18,"Excellent","Very High",5,5,"Good",4,2,1,3,"Average","No"
"266",1436,45,"Travel_Rarely",950,"Research & Development",28,"Bachelor","Technical Degree","Very High","Male",97,"High","1","Research Scientist","Very High","Married",2132,4585,4,"No",20,"Outstanding","Very High",8,3,"Better",5,4,0,3,"Low","No"
"267",1437,53,"Travel_Rarely",1395,"Research & Development",24,"Master","Medical","Medium","Male",48,"Very High","3","Healthcare Representative","Very High","Married",7005,3458,3,"No",15,"Excellent","High",11,2,"Better",4,3,1,2,"High","No"
"268",1438,31,"Travel_Rarely",525,"Sales",6,"Master","Medical","Low","Male",66,"Very High","2","Sales Executive","Very High","Divorced",5460,6219,4,"No",22,"Outstanding","Very High",13,4,"Best",7,7,5,7,"Average","No"
"269",1439,39,"Non-Travel",592,"Research & Development",2,"Bachelor","Life Sciences","Low","Female",54,"Medium","1","Laboratory Technician","Low","Single",3646,17181,2,"Yes",23,"Outstanding","Medium",11,2,"Best",1,0,0,0,"Average","Yes"
"270",1440,35,"Travel_Rarely",583,"Research & Development",25,"Master","Medical","High","Female",57,"High","3","Healthcare Representative","High","Divorced",10388,6975,1,"Yes",11,"Excellent","High",16,3,"Good",16,10,10,1,"Very High","No"
"271",1441,38,"Travel_Rarely",723,"Sales",2,"Master","Marketing","Medium","Female",77,"Low","2","Sales Representative","Very High","Married",5405,4244,2,"Yes",20,"Outstanding","Low",20,4,"Good",4,2,0,3,"Average","No"
"272",1442,23,"Travel_Rarely",1243,"Research & Development",6,"Bachelor","Life Sciences","High","Male",63,"Very High","1","Laboratory Technician","Low","Married",1601,3445,1,"Yes",21,"Outstanding","High",1,2,"Better",0,0,0,0,"Low","Yes"
"273",1443,31,"Non-Travel",325,"Research & Development",5,"Bachelor","Medical","Medium","Male",74,"High","2","Manufacturing Director","Low","Single",9936,3787,0,"No",19,"Excellent","Medium",10,2,"Better",9,4,1,7,"High","No"
"274",1444,21,"Travel_Rarely",156,"Sales",12,"Bachelor","Life Sciences","High","Female",90,"Very High","1","Sales Representative","Medium","Single",2716,25422,1,"No",15,"Excellent","Very High",1,0,"Better",1,0,0,0,"Low","Yes"
"275",1445,19,"Travel_Rarely",489,"Human Resources",2,"College","Technical Degree","Low","Male",52,"Medium","1","Human Resources","Very High","Single",2564,18437,1,"No",12,"Excellent","High",1,3,"Best",1,0,0,0,"Low","No"
"276",1446,29,"Travel_Rarely",592,"Research & Development",7,"Bachelor","Life Sciences","Very High","Male",59,"High","1","Laboratory Technician","Low","Single",2062,19384,3,"No",14,"Excellent","Medium",11,2,"Better",3,2,1,2,"Low","No"
"277",1447,26,"Travel_Frequently",1283,"Sales",1,"Bachelor","Medical","High","Male",52,"Medium","2","Sales Executive","Low","Single",4294,11148,1,"No",12,"Excellent","Medium",7,2,"Better",7,7,0,7,"Average","No"
"278",1448,43,"Travel_Rarely",574,"Research & Development",11,"Bachelor","Life Sciences","Low","Male",30,"High","3","Healthcare Representative","High","Married",7510,16873,1,"No",17,"Excellent","Medium",10,1,"Better",10,9,0,9,"High","No"
"279",1449,32,"Travel_Rarely",371,"Sales",19,"Bachelor","Life Sciences","Very High","Male",80,"Low","3","Sales Executive","High","Married",9610,3840,3,"No",13,"Excellent","High",10,2,"Bad",4,3,0,2,"High","Yes"
"280",1450,22,"Travel_Rarely",534,"Research & Development",15,"Bachelor","Medical","Medium","Female",59,"High","1","Laboratory Technician","Very High","Single",2871,23785,1,"No",15,"Excellent","High",1,5,"Better",0,0,0,0,"Low","No"
"281",1451,28,"Travel_Rarely",1404,"Research & Development",17,"Bachelor","Technical Degree","High","Male",32,"Medium","1","Laboratory Technician","Very High","Divorced",2367,18779,5,"No",12,"Excellent","Low",6,2,"Good",4,1,0,3,"Low","No"
"282",1452,29,"Travel_Frequently",806,"Research & Development",1,"Master","Life Sciences","Medium","Male",76,"Low","1","Research Scientist","Very High","Divorced",2720,18959,1,"No",18,"Excellent","Very High",10,5,"Better",10,7,2,8,"Low","No"
"283",1453,54,"Travel_Rarely",1082,"Sales",2,"Master","Life Sciences","High","Female",41,"Medium","3","Sales Executive","High","Married",10686,8392,6,"No",11,"Excellent","Medium",13,4,"Better",9,4,7,0,"Very High","No"
"284",1454,56,"Travel_Frequently",1240,"Research & Development",9,"Bachelor","Medical","Low","Female",63,"High","1","Research Scientist","High","Married",2942,12154,2,"No",19,"Excellent","Medium",18,4,"Better",5,4,0,3,"Low","No"
"285",1455,29,"Travel_Frequently",115,"Sales",13,"Bachelor","Technical Degree","Low","Female",51,"High","2","Sales Executive","Medium","Single",5765,17485,5,"No",11,"Excellent","Low",7,4,"Bad",5,3,0,0,"Average","No"
"286",1456,23,"Travel_Rarely",1320,"Research & Development",8,"Below College","Medical","Very High","Male",93,"Medium","1","Laboratory Technician","High","Single",3989,20586,1,"Yes",11,"Excellent","Low",5,2,"Better",5,4,1,2,"Average","No"
"287",1457,41,"Travel_Rarely",1085,"Research & Development",2,"Master","Life Sciences","Medium","Female",57,"Low","1","Laboratory Technician","Very High","Divorced",2778,17725,4,"Yes",13,"Excellent","High",10,1,"Good",7,7,1,0,"Low","No"
"288",1458,27,"Travel_Rarely",1220,"Research & Development",5,"Bachelor","Life Sciences","High","Female",85,"High","1","Research Scientist","Medium","Single",2478,20938,1,"Yes",12,"Excellent","Medium",4,2,"Good",4,3,1,2,"Low","No"
"289",1459,44,"Travel_Frequently",920,"Research & Development",24,"Bachelor","Life Sciences","Very High","Male",43,"High","1","Laboratory Technician","High","Divorced",3161,19920,3,"Yes",22,"Outstanding","Very High",19,0,"Bad",1,0,0,0,"Average","No"
"290",1460,22,"Travel_Rarely",604,"Research & Development",6,"Below College","Medical","Low","Male",69,"High","1","Research Scientist","High","Married",2773,12145,0,"No",20,"Outstanding","Very High",3,3,"Better",2,2,2,2,"Low","No"
"291",1461,44,"Travel_Rarely",625,"Research & Development",4,"Bachelor","Medical","Very High","Male",50,"High","2","Healthcare Representative","Medium","Single",5933,5197,9,"No",12,"Excellent","Very High",10,2,"Good",5,2,2,3,"Average","No"
"292",1462,37,"Travel_Rarely",571,"Research & Development",10,"Below College","Life Sciences","Very High","Female",82,"High","1","Research Scientist","Low","Divorced",2782,19905,0,"Yes",13,"Excellent","Medium",6,3,"Good",5,3,4,3,"Low","No"
"293",1463,30,"Travel_Rarely",241,"Research & Development",7,"Bachelor","Medical","Medium","Male",48,"Medium","1","Research Scientist","Medium","Married",2141,5348,1,"No",12,"Excellent","Medium",6,3,"Good",6,4,1,1,"Low","No"
"294",1464,49,"Travel_Frequently",1023,"Sales",2,"Bachelor","Medical","Very High","Male",63,"Medium","2","Sales Executive","Medium","Married",5390,13243,2,"No",14,"Excellent","Very High",17,3,"Good",9,6,0,8,"Average","No"
"295",1465,26,"Travel_Rarely",474,"Research & Development",3,"Bachelor","Life Sciences","Low","Female",89,"High","1","Research Scientist","Very High","Married",2061,11133,1,"No",21,"Outstanding","Low",1,5,"Better",1,0,0,0,"Low","No"
"296",1466,36,"Travel_Rarely",938,"Research & Development",2,"Master","Medical","High","Male",79,"High","1","Laboratory Technician","High","Single",2519,12287,4,"No",21,"Outstanding","High",16,6,"Better",11,8,3,9,"Low","No"
"297",1467,32,"Travel_Rarely",1093,"Sales",6,"Master","Medical","Medium","Male",87,"High","2","Sales Executive","High","Single",5010,24301,1,"No",16,"Excellent","Low",12,0,"Better",11,8,5,7,"Average","No"
"298",1468,26,"Travel_Rarely",1357,"Research & Development",25,"Bachelor","Life Sciences","Low","Male",48,"Low","1","Laboratory Technician","High","Single",2293,10558,1,"No",12,"Excellent","High",1,2,"Good",1,0,0,1,"Low","No"
"299",1469,45,"Travel_Rarely",252,"Research & Development",1,"Bachelor","Other","High","Male",70,"Very High","5","Manager","Very High","Married",19202,15970,0,"No",11,"Excellent","High",25,2,"Better",24,0,1,7,"Very High","No"
"300",1470,47,"Travel_Rarely",249,"Sales",2,"College","Marketing","High","Female",35,"High","2","Sales Executive","Very High","Married",4537,17783,0,"Yes",22,"Outstanding","Low",8,2,"Better",7,6,7,7,"Average","No"
